Workbook

Sheet 總表
A2: 國立臺灣大學醫學院附設醫院
A4: 總表[標單]
M6: 115年6月15日
M8: 第 1 頁 共 1 頁
A10: 工程名稱 | D10: 西址六東1樓(6E1)內科加護病房暨特殊病原科技照護 示範中心整修工程 | I10: 會計科目
A11: 施工地點 | D11: 臺北市 | I11: 工程編號 | L11: FB24033360_V6
A12: 項 次 | D12: 工 作 項 目 | L12: 金額(元) | N12: 備註
A13: 壹 | D13: 建築裝修工程 | L13: =IF(ISNUMBER(詳細表!N13),詳細表!N13,"-") -> -
A14: 貳 | D14: 水電設備工程 | L14: =IF(ISNUMBER(詳細表!N404),詳細表!N404,"-") -> -
A15: 參 | D15: 消防設備工程 | L15: =IF(ISNUMBER(詳細表!N1554),詳細表!N1554,"-") -> -
A16: 肆 | D16: 空調設備工程 | L16: =IF(ISNUMBER(詳細表!N1673),詳細表!N1673,"-") -> -
A17: 伍 | D17: 醫療氣體設備工程 | L17: =IF(ISNUMBER(詳細表!N2580),詳細表!N2580,"-") -> -
A18: 陸 | D18: RO處理系統 | L18: =IF(ISNUMBER(詳細表!N2635),詳細表!N2635,"-") -> -
D19: 直接工程費 小計(A) | L19: =IF(COUNT(L13,L14,L15,L16,L17,L18)=6,SUM(L13,L14,L15,L16,L17,L18),"-") -> -
A20: 柒 | D20: 職業安全衛生管理費，(A*0.8%) | L20: =IF(ISNUMBER(L19),ROUND(L19*0.008,0),"-") -> -
A21: 捌 | D21: 工程品質管理費及試驗費，(A*1.0%) | L21: =IF(ISNUMBER(L19),ROUND(L19*0.01,0),"-") -> -
A22: 玖 | D22: 環境維護費，(A*0.3%) | L22: =IF(ISNUMBER(L19),ROUND(L19*0.003,0),"-") -> -
A23: 拾 | D23: 承包商管理費及利潤，(A*6.0%) | L23: =IF(ISNUMBER(L19),ROUND(L19*0.06,0),"-") -> -
A24: 拾壹 | D24: 保險費，(A*0.18%) | L24: =IF(ISNUMBER(L19),ROUND(L19*0.0018,0),"-") -> -
D25: 間接工程費 小計(B) | L25: =IF(COUNT(L20,L21,L22,L23,L24)=5,SUM(L20,L21,L22,L23,L24),"-") -> -
A26: 拾貳 | D26: 營業稅(C=(A+B)*5%) | L26: =IF(COUNT(L19,L25)=2,ROUND(SUM(L19,L25)*0.05,0),"-") -> -
D27: 總價(總計) | L27: =IF(COUNT(L19,L25,L26)=3,SUM(L19,L25,L26),"-") -> -
B44: 投標廠商： | E44: [印] | G44: 負責人： | J44: [印]

Sheet 詳細表
A2: 國立臺灣大學醫學院附設醫院
A4: 詳細價目表[標單]
O6: 115年6月15日
O8: 第 1 頁 共 93 頁
A10: 工程名稱 | C10: 西址六東1樓(6E1)內科加護病房暨特殊病原科技照護示範中心整 修工程 | M10: 會計科目
A11: 施工地點 | C11: 臺北市 | M11: 工程編號 | N11: FB24033360_V6
A12: 項 次 | C12: 項 目 及 說 明 | H12: 單 位 | J12: 數 量 | M12: 單 價 | N12: 複 價 | P12: 編碼(備註)
A13: 壹 | C13: 建築裝修工程 | J13: 1 | M13: =IF(COUNT(N13,J13)=2,IF(J13=0,"-",N13/J13),"-") -> - | N13: =IF(COUNT(N14,N40,N47,N68,N75,N98,N123,N241,N364,N372)=10,SUM(N14,N40,N47,N68,N75,N98,N123,N241,N364,N372),"-") -> -
A14: 壹.一 | C14: 假設工程 | J14: 1 | M14: =IF(COUNT(N14,J14)=2,IF(J14=0,"-",N14/J14),"-") -> - | N14: =IF(COUNT(N15,N16,N17,N18,N19,N20,N21,N22,N23)=9,SUM(N15,N16,N17,N18,N19,N20,N21,N22,N23),"-") -> -
A15: 壹.一.1 | C15: 施工圍籬，室內圍籬(6分麗光板)，含拆裝 | H15: M2 | J15: 59.5 | M15: =IF(ISNUMBER(單價分析!T28),單價分析!T28,"") | N15: =IF(COUNT(J15,M15)=2,ROUND(J15*M15,0),"- -") -> - - | P15: 0156400002ZBICU 01,*
A16: 壹.一.2 | C16: 施工圍籬，室外圍籬，高度2.4M，含拆裝 | H16: M2 | J16: 487 | M16: =IF(ISNUMBER(單價分析!T41),單價分析!T41,"") | N16: =IF(COUNT(J16,M16)=2,ROUND(J16*M16,0),"- -") -> - - | P16: 0156400002ZBICU 02,*
A17: 壹.一.3 | C17: 公共管線系統之保護，就地保護，運貨電 梯及進料動線施工保護工程 | H17: 式 | J17: 1 | N17: =IF(COUNT(J17,M17)=2,ROUND(J17*M17,0),"- - -") -> - - - | P17: 0225200004ZPS00 2,管線及設備拆 除前管線調查
A18: 壹.一.4 | C18: 工程告示牌，及工地標誌，工程告示牌， 鋁質 | H18: 式 | J18: 1 | M18: =IF(ISNUMBER(單價分析!T72),單價分析!T72,"") | N18: =IF(COUNT(J18,M18)=2,ROUND(J18*M18,0),"- -") -> - - | P18: 015831000BZPS00 3,*
A19: 壹.一.5 | C19: 施工輔助設施，施工架及高空作業設備 | H19: 式 | J19: 1 | N19: =IF(COUNT(J19,M19)=2,ROUND(J19*M19,0),"- -") -> - - | P19: 0154010004ZG010 1
A20: 壹.一.6 | C20: 產品，施工測量，工地放樣，平面測量 | H20: M2 | J20: 555.6 | M20: =IF(ISNUMBER(單價分析!T87),單價分析!T87,"") | N20: =IF(COUNT(J20,M20)=2,ROUND(J20*M20,0),"- - - - - -") -> - - - - - - | P20: M0172551002ZPS0 05,面及高程測量 、機電定位測量 ，含放樣、水平 測量調查(高程校 準),*
A21: 壹.一.7 | C21: 工地清理，施工環境維護費及完工後細清 費用(含竣工驗收後地板打蠟) | H21: 式 | J21: 1 | N21: =IF(COUNT(J21,M21)=2,ROUND(J21*M21,0),"- - - - - - - -") -> - - - - - - - - | P21: 0174010004ZG010 2,包含施工中醫 療感控防護措施 、工區集塵設備 及集塵墊、施工 中工區消防防護 措施、工區臨時 安全配電設備
A22: 壹.一.8 | C22: 臨時設施，(工區臨時施工設備、零星工項 及雜費) | H22: 式 | J22: 1 | N22: =IF(COUNT(J22,M22)=2,ROUND(J22*M22,0),"- -") -> - - | P22: 0151000004ZPS00 1
A23: 壹.一.9 | C23: 資料送審，各式計畫書，施工圖及竣工圖 | H23: 式 | J23: 1 | N23: =IF(COUNT(J23,M23)=2,ROUND(J23*M23,0),"-") -> - | P23: 01330B0004ZBICU
B25: 投標廠商： | E25: [印] | G25: 負責人： | K25: [印]
A28: 國立臺灣大學醫學院附設醫院
A30: 詳細價目表[標單]
O32: 115年6月15日
O34: 第 2 頁 共 93 頁
A36: 工程名稱 | C36: 西址六東1樓(6E1)內科加護病房暨特殊病原科技照護示範中心整 修工程 | M36: 會計科目
A37: 施工地點 | C37: 臺北市 | M37: 工程編號 | N37: FB24033360_V6
A38: 項 次 | C38: 項 目 及 說 明 | H38: 單 位 | J38: 數 量 | M38: 單 價 | N38: 複 價 | P38: 編碼(備註)
C39: 繪製、各類材料送審及實際樣品製作(含相 關電子檔)以及辦理工程施工期間攝影、拍 照及室內裝修竣工查驗作業 | N39: - - - | P39: 01
A40: 壹.二 | C40: 拆除暨運棄工程 | J40: 1 | M40: =IF(COUNT(N40,J40)=2,IF(J40=0,"-",N40/J40),"-") -> - | N40: =IF(COUNT(N41,N42,N43,N44,N45,N46)=6,SUM(N41,N42,N43,N44,N45,N46),"-") -> -
A41: 壹.二.1 | C41: 工地拆除，拆除前清查管線、列冊拆除內 容及須保留管線、設備現場標示 | H41: 式 | J41: 1 | N41: =IF(COUNT(J41,M41)=2,ROUND(J41*M41,0),"- -") -> - - | P41: 0222000004ZG050 1
A42: 壹.二.2 | C42: 工地拆除，室內既有 RC/ 磚石隔間牆、地 坪煤渣砂漿層、牆面 樑 柱及天花底板粉 刷層打除、外牆窗戶、各類，既有空調設 備、風管、風口拆除，既有空調管路與排 水拆除，既有空調配電與配電管拆除(包含 既有配電盤拆除)。 | H42: 式 | J42: 1 | N42: =IF(COUNT(J42,M42)=2,ROUND(J42*M42,0),"- - - - - -") -> - - - - - - | P42: 0222000004ZBICU 03
A43: 壹.二.3 | C43: 工地拆除，拆除後既有構體修補填塞及復 原費（含外牆防水漆復原） | H43: 式 | J43: 1 | N43: =IF(COUNT(J43,M43)=2,ROUND(J43*M43,0),"- -") -> - - | P43: 0222000004ZBICU 04
A44: 壹.二.4 | C44: 交換機室MDF線架搬遷及內線拆除及保留專 用迴路 | H44: 式 | J44: 1 | N44: =IF(COUNT(J44,M44)=2,ROUND(J44*M44,0),"- -") -> - - | P44: 0222000004ZG051 1
A45: 壹.二.5 | C45: 違章拆除(天花板、隔間牆拆除清運)+屋頂 結構拆除 | H45: 式 | J45: 1 | N45: =IF(COUNT(J45,M45)=2,ROUND(J45*M45,0),"- -") -> - - | P45: 0222000004ZG051 2
A46: 壹.二.6 | C46: 運雜費，全案工程的廢棄物清除運棄處理 費用，(含廢棄物運棄及處理費、開立合法 棄置證明) | H46: 式 | J46: 1 | N46: =IF(COUNT(J46,M46)=2,ROUND(J46*M46,0),"- - -") -> - - - | P46: 012713000409ZBI CU01
A47: 壹.三 | C47: 天花工程 | J47: 1 | M47: =IF(COUNT(N47,J47)=2,IF(J47=0,"-",N47/J47),"-") -> - | N47: =IF(COUNT(N48,N49,N50,N51,N67)=5,SUM(N48,N49,N50,N51,N67),"-") -> -
A48: 壹.三.1 | C48: 天花板，庫板天花 (耐燃一級) | H48: M2 | J48: 333 | M48: =IF(ISNUMBER(單價分析!T117),單價分析!T117,"") | N48: =IF(COUNT(J48,M48)=2,ROUND(J48*M48,0),"- -") -> - - | P48: 0950000002ZG050 5,*
A49: 壹.三.2 | C49: 天花板，明架，低落塵礦纖天花板(耐燃一 級)，15mmTH ，60*60cm | H49: M2 | J49: 260 | M49: =IF(ISNUMBER(單價分析!T129),單價分析!T129,"") | N49: =IF(COUNT(J49,M49)=2,ROUND(J49*M49,0),"- -") -> - - | P49: 0950000002ZG050 1,*
A50: 壹.三.3 | C50: 天花板，明架，防潮矽酸鈣(耐燃一級)， 6mmTH，60*60cm | H50: M2 | J50: 62 | M50: =IF(ISNUMBER(單價分析!T159),單價分析!T159,"") | N50: =IF(COUNT(J50,M50)=2,ROUND(J50*M50,0),"- -") -> - - | P50: 0950000002ZG050 3,*
A51: 壹.三.4 | C51: 天花板，暗架庫板天花，下掀式氣密式檢 修孔60*60開孔 | H51: 組 | J51: 24 | N51: =IF(COUNT(J51,M51)=2,ROUND(J51*M51,0),"- -") -> - - | P51: 0950000008ZBICU 01
B53: 投標廠商： | E53: [印] | G53: 負責人： | K53: [印]
A56: 國立臺灣大學醫學院附設醫院
A58: 詳細價目表[標單]
O60: 115年6月15日
O62: 第 3 頁 共 93 頁
A64: 工程名稱 | C64: 西址六東1樓(6E1)內科加護病房暨特殊病原科技照護示範中心整 修工程 | M64: 會計科目
A65: 施工地點 | C65: 臺北市 | M65: 工程編號 | N65: FB24033360_V6
A66: 項 次 | C66: 項 目 及 說 明 | H66: 單 位 | J66: 數 量 | M66: 單 價 | N66: 複 價 | P66: 編碼(備註)
A67: 壹.三.5 | C67: 細木作，窗簾盒，含表面批土刷乳膠漆 | H67: 組 | J67: 27 | N67: =IF(COUNT(J67,M67)=2,ROUND(J67*M67,0),"- -") -> - - | P67: 0620000008ZBICU 01
A68: 壹.四 | C68: 牆面工程 (壁板) | J68: 1 | M68: =IF(COUNT(N68,J68)=2,IF(J68=0,"-",N68/J68),"-") -> - | N68: =IF(COUNT(N69,N70,N71,N72,N73,N74)=6,SUM(N69,N70,N71,N72,N73,N74),"-") -> -
A69: 壹.四.1 | C69: 油漆，牆面批土整平刷抗污防霉乳膠漆+ AB膠材，一底二度，色另訂 | H69: M2 | J69: 1170 | M69: =IF(ISNUMBER(單價分析!T170),單價分析!T170,"") | N69: =IF(COUNT(J69,M69)=2,ROUND(J69*M69,0),"- -") -> - - | P69: 0991000002ZB001 ,*
A70: 壹.四.2 | C70: 鋪貼壁磚，300x600mm，t=10mm | H70: M2 | J70: 272 | M70: =IF(ISNUMBER(單價分析!T203),單價分析!T203,"") | N70: =IF(COUNT(J70,M70)=2,ROUND(J70*M70,0),"- - - -") -> - - - - | P70: 093100L502ZG010 1,清潔間、洗衣 間、污物室、廁 所及淋浴間,*
A71: 壹.四.3 | C71: 計量與計價，防撞壁板(H:120cm) | H71: M | J71: 277 | M71: =IF(ISNUMBER(單價分析!T216),單價分析!T216,"") | N71: =IF(COUNT(J71,M71)=2,ROUND(J71*M71,0),"- -") -> - - | P71: W0127100004ZGA0 4003,*
A72: 壹.四.4 | C72: 計量與計價，防撞護角(H:120cm) | H72: 支 | J72: 62 | M72: =IF(ISNUMBER(單價分析!T247),單價分析!T247,"") | N72: =IF(COUNT(J72,M72)=2,ROUND(J72*M72,0),"- -") -> - - | P72: W0127100004ZGA0 4004,*
A73: 壹.四.5 | C73: 計量與計價，135°防撞護角(H：120cm) | H73: 支 | J73: 25 | M73: =IF(ISNUMBER(單價分析!T260),單價分析!T260,"") | N73: =IF(COUNT(J73,M73)=2,ROUND(J73*M73,0),"- -") -> - - | P73: W0127100004ZGA0 501,*
A74: 壹.四.6 | C74: 計量與計價，防撞牆毯(H:240cm) | H74: M2 | J74: 410 | M74: =IF(ISNUMBER(單價分析!T307),單價分析!T307,"") | N74: =IF(COUNT(J74,M74)=2,ROUND(J74*M74,0),"- -") -> - - | P74: W0127100004ZGA0 503,*
A75: 壹.五 | C75: 隔間工程 | J75: 1 | M75: =IF(COUNT(N75,J75)=2,IF(J75=0,"-",N75/J75),"-") -> - | N75: =IF(COUNT(N76,N77,N78,N95,N96,N97)=6,SUM(N76,N77,N78,N95,N96,N97),"-") -> -
A76: 壹.五.1 | C76: 隔間及小室，Pa，隔間及小室，新作矽酸 鈣板隔間工程，雙面雙層矽酸鈣板隔間牆 ，12mmTH矽酸鈣板(高度至頂，耐燃一級， 綠建材)(1小時防火時效)(牆厚20cm,內含 3mmTH鉛板) | H76: M2 | J76: 338 | M76: =IF(ISNUMBER(單價分析!T350),單價分析!T350,"") | N76: =IF(COUNT(J76,M76)=2,ROUND(J76*M76,0),"- - - - -") -> - - - - - | P76: 1015000002ZBICU 01,*
A77: 壹.五.2 | C77: 隔間及小室，Pb，隔間及小室，新作矽酸 鈣板隔間工程，雙面雙層矽酸鈣板隔間牆, 12mmTH矽酸鈣板(高度至頂，耐燃一級，綠 建材)(1小時防火時效)(牆厚20cm) | H77: M2 | J77: 89 | M77: =IF(ISNUMBER(單價分析!T394),單價分析!T394,"") | N77: =IF(COUNT(J77,M77)=2,ROUND(J77*M77,0),"- - - -") -> - - - - | P77: 1015000002ZBICU 02,*
A78: 壹.五.3 | C78: 隔間及小室，Pc、Pd，隔間及小室，新作 矽酸鈣板隔間工程，雙面單層矽酸鈣板(一 般)隔間牆,12mmTH矽酸鈣板(高度至頂，耐 | H78: M2 | J78: 437 | M78: =IF(ISNUMBER(單價分析!T438),單價分析!T438,"") | N78: =IF(COUNT(J78,M78)=2,ROUND(J78*M78,0),"- - -") -> - - - | P78: 1015000002ZBICU 03,*
B80: 投標廠商： | E80: [印] | G80: 負責人： | K80: [印]
A83: 國立臺灣大學醫學院附設醫院
A85: 詳細價目表[標單]
O87: 115年6月15日
O89: 第 4 頁 共 93 頁
A91: 工程名稱 | C91: 西址六東1樓(6E1)內科加護病房暨特殊病原科技照護示範中心整 修工程 | M91: 會計科目
A92: 施工地點 | C92: 臺北市 | M92: 工程編號 | N92: FB24033360_V6
A93: 項 次 | C93: 項 目 及 說 明 | H93: 單 位 | J93: 數 量 | M93: 單 價 | N93: 複 價 | P93: 編碼(備註)
C94: 燃一級，綠建材)(1小時防火時效)(牆厚 12cm) | N94: - -
A95: 壹.五.4 | C95: 隔間及小室，Pb'、Pc、Pd，隔間及小室， 新作矽酸鈣板隔間工程，雙面單層矽酸鈣 板(濕式)隔間牆,12mmTH矽酸鈣板(高度至 頂，耐燃一級，綠建材)(1小時防火時效)( 牆厚12cm、20cm) | H95: M2 | J95: 29 | M95: =IF(ISNUMBER(單價分析!T481),單價分析!T481,"") | N95: =IF(COUNT(J95,M95)=2,ROUND(J95*M95,0),"- - - - -") -> - - - - - | P95: 1015000002ZBICU 04,*
A96: 壹.五.5 | C96: 隔間及小室，Pe，隔間及小室，新作矽酸 鈣板隔間工程，單面單層矽酸鈣板隔間牆, 12mmTH矽酸鈣板(高度至頂，耐燃一級，綠 建材)(1小時防火時效)(牆厚10cm) | H96: M2 | J96: 63 | M96: =IF(ISNUMBER(單價分析!T525),單價分析!T525,"") | N96: =IF(COUNT(J96,M96)=2,ROUND(J96*M96,0),"- - - -") -> - - - - | P96: 1015000002ZBICU 05,*
A97: 壹.五.6 | C97: 隔間及小室，矽酸鈣板隔間工程，門窗框 邊隔間內部補強料 | H97: 式 | J97: 1 | N97: =IF(COUNT(J97,M97)=2,ROUND(J97*M97,0),"- -") -> - - | P97: 1015020004ZB001
A98: 壹.六 | C98: 地板工程 | J98: 1 | M98: =IF(COUNT(N98,J98)=2,IF(J98=0,"-",N98/J98),"-") -> - | N98: =IF(COUNT(N99,N100,N101,N102,N118,N119,N120,N121,N122)=9,SUM(N99,N100,N101,N102,N118,N119,N120,N121,N122),"-") -> -
A99: 壹.六.1 | C99: 水泥砂漿，全區地坪新作回填 1 3水泥砂 漿表面整體粉光 | H99: M2 | J99: 754 | M99: =IF(ISNUMBER(單價分析!T554),單價分析!T554,"") | N99: =IF(COUNT(J99,M99)=2,ROUND(J99*M99,0),"- - - - - - - - -") -> - - - - - - - - - | P99: 0406100002ZBICU 01,硬底工法施作 ，施工前設置灌 漿標高器 D= 8mm @10*10cm 點 焊鋼筋網，厚度 25、30cm( 參 照既有地坪煤渣, *
A100: 壹.六.2 | C100: 整體粉光地坪處理，自平水泥3mm，施工前 素地整理整平 | H100: M2 | J100: 785 | M100: =IF(ISNUMBER(單價分析!T568),單價分析!T568,"") | N100: =IF(COUNT(J100,M100)=2,ROUND(J100*M100,0),"- -") -> - - | P100: 0961130002ZG010 1,*
A101: 壹.六.3 | C101: 橡膠地磚，乙烯基無縫透心地毯(顏色另訂 )(含上牆10公分) | H101: M2 | J101: 674 | M101: =IF(ISNUMBER(單價分析!T600),單價分析!T600,"") | N101: =IF(COUNT(J101,M101)=2,ROUND(J101*M101,0),"- - -") -> - - - | P101: 0965100002ZBICU 01,彩雅或同等品 ,*
A102: 壹.六.4 | C102: 橡膠地磚，乙烯基無縫顆粒止滑地板(顏色 另訂)(含上牆10公分) | H102: M2 | J102: 52 | M102: =IF(ISNUMBER(單價分析!T614),單價分析!T614,"") | N102: =IF(COUNT(J102,M102)=2,ROUND(J102*M102,0),"- -") -> - - | P102: 0965100002ZBICU 02,*
B104: 投標廠商： | E104: [印] | G104: 負責人： | K104: [印]
A107: 國立臺灣大學醫學院附設醫院
A109: 詳細價目表[標單]
O111: 115年6月15日
O113: 第 5 頁 共 93 頁
A115: 工程名稱 | C115: 西址六東1樓(6E1)內科加護病房暨特殊病原科技照護示範中心整 修工程 | M115: 會計科目
A116: 施工地點 | C116: 臺北市 | M116: 工程編號 | N116: FB24033360_V6
A117: 項 次 | C117: 項 目 及 說 明 | H117: 單 位 | J117: 數 量 | M117: 單 價 | N117: 複 價 | P117: 編碼(備註)
A118: 壹.六.5 | C118: 舖地磚，止滑石英磚，300x300mm | H118: M2 | J118: 76 | M118: =IF(ISNUMBER(單價分析!T646),單價分析!T646,"") | N118: =IF(COUNT(J118,M118)=2,ROUND(J118*M118,0),"-") -> - | P118: 09341W5002,*
A119: 壹.六.6 | C119: 地坪不同材質收邊壓條 | H119: M | J119: 1450 | M119: =IF(ISNUMBER(單價分析!T660),單價分析!T660,"") | N119: =IF(COUNT(J119,M119)=2,ROUND(J119*M119,0),"- -") -> - - | P119: 0506040001ZG040 2,*
A120: 壹.六.7 | C120: 塗液類防潮系統，防水層(雙液式彈性水泥 砂漿) | H120: M2 | J120: 76 | M120: =IF(ISNUMBER(單價分析!T708),單價分析!T708,"") | N120: =IF(COUNT(J120,M120)=2,ROUND(J120*M120,0),"- -") -> - - | P120: 0711010002ZG050 1,*
A121: 壹.六.8 | C121: 給排水及衛生器具，不鏽鋼截水溝 | H121: 組 | J121: 10 | N121: =IF(COUNT(J121,M121)=2,ROUND(J121*M121,0),"- -") -> - - | P121: 1541000008ZBICU 02
A122: 壹.六.9 | C122: 1:3水泥砂漿，RO 水機房 H 30 cm 1/2B 砌磚擋水門檻 | H122: M2 | J122: 95 | N122: =IF(COUNT(J122,M122)=2,ROUND(J122*M122,0),"- -") -> - - | P122: 0406100002ZBICU 02,#
A123: 壹.七 | C123: 系統櫥櫃工程 | J123: 1 | M123: =IF(COUNT(N123,J123)=2,IF(J123=0,"-",N123/J123),"-") -> - | N123: =IF(COUNT(N124,N125,N126,N127,N128,N129,N130,N131,N147,N148,N149,N150,N151,N152,N153,N154,N155,N156,N157,N173,N174,N175,N176,N177,N178,N179,N180,N181,N182,N183,N184,N185,N202,N203,N204,N205,N206,N207,N208,N209,N210,N211,N212,N229,N230,N231,N232,N233,N234,N235,N236,N237,N238,N239,N240)=55,SUM(N124,N125,N126,N127,N128,N129,N130,N131,N147,N148,N149,N150,N151,N152,N153,N154,N155,N156,N157,N173,N174,N175,N176,N177,N178,N179,N180,N181,N182,N183,N184,N185,N202,N203,N204,N205,N206,N207,N208,N209,N210,N211,N212,N229,N230,N231,N232,N233,N234,N235,N236,N237,N238,N239,N240),"-") -> -
A124: 壹.七.1 | C124: 櫥櫃，木製櫥櫃，A8-03_145走廊，被服櫃 ，W:120xH:250cmxD:45cm，(C1) | H124: 座 | J124: 1 | M124: =IF(ISNUMBER(單價分析!T751),單價分析!T751,"") | N124: =IF(COUNT(J124,M124)=2,ROUND(J124*M124,0),"- -") -> - - | P124: 064110000AZG050 1,*
A125: 壹.七.2 | C125: 櫥櫃，木製櫥櫃，A8-03_126更衣室、 111討論室，置物櫃，W:35xH:200cmxD: 40cm，(C2) | H125: 座 | J125: 33 | M125: =IF(ISNUMBER(單價分析!T792),單價分析!T792,"") | N125: =IF(COUNT(J125,M125)=2,ROUND(J125*M125,0),"- - -") -> - - - | P125: 064110000AZG050 2,*
A126: 壹.七.3 | C126: 櫥櫃，木製櫥櫃，A8-03_126更衣室，置物 櫃，W:30xH:200cmxD:40cm，(C2A) | H126: 座 | J126: 1 | M126: =IF(ISNUMBER(單價分析!T833),單價分析!T833,"") | N126: =IF(COUNT(J126,M126)=2,ROUND(J126*M126,0),"- -") -> - - | P126: 064110000AZG050 3,*
A127: 壹.七.4 | C127: 櫥櫃，木製櫥櫃，A8-03_127更衣室，置物 櫃，W:35xH:200cmxD:40cm，(C3) | H127: 座 | J127: 4 | M127: =IF(ISNUMBER(單價分析!T874),單價分析!T874,"") | N127: =IF(COUNT(J127,M127)=2,ROUND(J127*M127,0),"- -") -> - - | P127: 064110000AZG050 4,*
A128: 壹.七.5 | C128: 櫥櫃，木製櫥櫃，A8-04_131，浴廁櫥櫃( 含吊櫃、洗手台)，W:77xH:250cmxD:45、 25cm，(C4) | H128: 座 | J128: 1 | M128: =IF(ISNUMBER(單價分析!T916),單價分析!T916,"") | N128: =IF(COUNT(J128,M128)=2,ROUND(J128*M128,0),"- - -") -> - - - | P128: 064110000AZG050 5,*
A129: 壹.七.6 | C129: 櫥櫃，木製櫥櫃，A8-04_125，清潔室櫥櫃 (含吊櫃、洗水台)，W:227xH:250cmxD: 60、40cm，(C5) | H129: 座 | J129: 1 | M129: =IF(ISNUMBER(單價分析!T957),單價分析!T957,"") | N129: =IF(COUNT(J129,M129)=2,ROUND(J129*M129,0),"- - -") -> - - - | P129: 064110000AZG050 6,*
A130: 壹.七.7 | C130: 櫥櫃，木製櫥櫃，A8-04_112藥品室，被服 櫥櫃，W:160xH:250cmxD:45cm，(C6) | H130: 座 | J130: 1 | M130: =IF(ISNUMBER(單價分析!T1000),單價分析!T1000,"") | N130: =IF(COUNT(J130,M130)=2,ROUND(J130*M130,0),"- -") -> - - | P130: 064110000AZG050 7,*
A131: 壹.七.8 | C131: 櫥櫃，木製櫥櫃，A8-05_前室櫥櫃(含吊櫃 、洗水台)，W:110xH:250cmxD:55、40cm， (C7) | H131: 座 | J131: 3 | M131: =IF(ISNUMBER(單價分析!T1043),單價分析!T1043,"") | N131: =IF(COUNT(J131,M131)=2,ROUND(J131*M131,0),"- - -") -> - - - | P131: 064110000AZG050 8,*
B133: 投標廠商： | E133: [印] | G133: 負責人： | K133: [印]
A136: 國立臺灣大學醫學院附設醫院
...

Sheet 單價分析
A2: 國立臺灣大學醫學院附設醫院
A4: 單價分析表[標單]
F6: 工程名稱：西址六東1樓(6E1)內科加護病房暨特殊病原科技照護示範中心整修工
F8: 程
U9: 115年6月15日
U12: 第 1 頁 共 103 頁
B13: 項次： | F13: 工程編號：FB24033360_V6
A16: 壹.一.1 | E16: 工作項目：施工圍籬，室內圍籬(6分麗光板)，含拆裝 | N16: 單位：M2 | T16: 計 價 代 碼 ： 0156400002ZBICU01
E17: 工料名稱 | L17: 單位 | N17: 數量 | P17: 單價 | T17: 複價 | V17: 編碼(備註)
E18: 產品，木材，6分麗光板 | L18: M2 | N18: 1 | T18: =IF(COUNT(N18,P18)=2,ROUND(N18*P18,2),"- -") -> - - | V18: M0606000002ZBIC U01
E19: 產品，木材，固定角材 | L19: 式 | N19: 1 | T19: =IF(COUNT(N19,P19)=2,ROUND(N19*P19,2),"- -") -> - - | V19: M0606000004ZBIC U01
E20: 施工費 | L20: 式 | N20: 1 | T20: =IF(COUNT(N20,P20)=2,ROUND(N20*P20,2),"-") -> - | V20: 0127180004
E21: 零星工料，約以上項目之2.0% | L21: 式 | N21: 1 | P21: =IF(COUNT(T18,T19,T20)=3,ROUND(SUM(T18,T19,T20)*0.02,2),"") | T21: =IF(COUNT(N21,P21)=2,ROUND(N21*P21,2),"-") -> - | V21: W0127114004
E22: 合計 | L22: M2 | N22: 1 | T22: =IF(COUNT(T18,T19,T20,T21)=4,SUM(T18,T19,T20,T21),"-") -> -
E28: 人工： 機具： 材料： 雜項： | N28: 每 M2 單價計 | T28: =IF(COUNT(T22,N22)=2,IF(N22=0,"-",ROUND(T22/N22,2)),"-") -> -
A29: 壹.一.2 | E29: 工作項目：施工圍籬，室外圍籬，高度2.4M，含拆裝 | N29: 單位：M2 | T29: 計 價 代 碼 ： 0156400002ZBICU02
E30: 工料名稱 | L30: 單位 | N30: 數量 | P30: 單價 | T30: 複價 | V30: 編碼(備註)
E31: 產品，施工圍籬，烤漆鋼板 | L31: M2 | N31: 1 | T31: =IF(COUNT(N31,P31)=2,ROUND(N31*P31,2),"- -") -> - - | V31: M0156400002ZBIC U01
E32: 產品，施工圍籬，固定角鋼材料 | L32: 式 | N32: 1 | T32: =IF(COUNT(N32,P32)=2,ROUND(N32*P32,2),"- -") -> - - | V32: M0156400004ZBIC U01
E33: 施工費 | L33: 式 | N33: 1 | T33: =IF(COUNT(N33,P33)=2,ROUND(N33*P33,2),"-") -> - | V33: 0127180004
E34: 零星工料，約以上項目之2.0% | L34: 式 | N34: 1 | P34: =IF(COUNT(T31,T32,T33)=3,ROUND(SUM(T31,T32,T33)*0.02,2),"") | T34: =IF(COUNT(N34,P34)=2,ROUND(N34*P34,2),"-") -> - | V34: W0127114004
E35: 合計 | L35: M2 | N35: 1 | T35: =IF(COUNT(T31,T32,T33,T34)=4,SUM(T31,T32,T33,T34),"-") -> -
E41: 人工： 機具： 材料： 雜項： | N41: 每 M2 單價計 | T41: =IF(COUNT(T35,N35)=2,IF(N35=0,"-",ROUND(T35/N35,2)),"-") -> -
C43: 投標廠商： | I43: [印] | M43: 負責人： | Q43: [印]
A46: 國立臺灣大學醫學院附設醫院
A48: 單價分析表[標單]
F50: 工程名稱：西址六東1樓(6E1)內科加護病房暨特殊病原科技照護示範中心整修工
F52: 程
U53: 115年6月15日
U56: 第 2 頁 共 103 頁
B57: 項次： | F57: 工程編號：FB24033360_V6
A60: 壹.一.4 | E60: 工作項目：工程告示牌，及工地標誌，工程告示牌，鋁質 | N60: 單位：式 | T60: 計 價 代 碼 ： 015831000BZPS003
E61: 工料名稱 | L61: 單位 | N61: 數量 | P61: 單價 | T61: 複價 | V61: 編碼(備註)
E62: 產品，工程告示牌及工地標誌，工程告示牌， 鋁質，長300x寬170cm | L62: 面 | N62: 1 | T62: =IF(COUNT(N62,P62)=2,ROUND(N62*P62,2),"- -") -> - - | V62: M015831120A
E63: 產品，工程告示牌及工地標誌，工程告示牌， 鍍鋅角鋼，裝拆及維護 | L63: 式 | N63: 1 | T63: =IF(COUNT(N63,P63)=2,ROUND(N63*P63,2),"- -") -> - - | V63: M0158316044
E64: 施工費 | L64: 式 | N64: 1 | T64: =IF(COUNT(N64,P64)=2,ROUND(N64*P64,2),"-") -> - | V64: 0127180004
E65: 零星工料，約以上項目之2.0% | L65: 式 | N65: 1 | P65: =IF(COUNT(T62,T63,T64)=3,ROUND(SUM(T62,T63,T64)*0.02,2),"") | T65: =IF(COUNT(N65,P65)=2,ROUND(N65*P65,2),"-") -> - | V65: W0127114004
E66: 合計 | L66: 式 | N66: 1 | T66: =IF(COUNT(T62,T63,T64,T65)=4,SUM(T62,T63,T64,T65),"-") -> -
E72: 人工： 機具： 材料： 雜項： | N72: 每 式 單價計 | T72: =IF(COUNT(T66,N66)=2,IF(N66=0,"-",ROUND(T66/N66,2)),"-") -> -
A73: 壹.一.6 | E73: 工作項目：產品，施工測量，工地放樣，平面測量 | N73: 單位：M2 | T73: 計 價 代 碼 ： M0172551002ZPS005
E74: 工料名稱 | L74: 單位 | N74: 數量 | P74: 單價 | T74: 複價 | V74: 編碼(備註)
E75: 技術工 | L75: 工 | N75: 0.03 | T75: =IF(COUNT(N75,P75)=2,ROUND(N75*P75,2),"-") -> - | V75: L000006200003
E76: 零星工料，約以上項目之2.0% | L76: 式 | N76: 1 | P76: =IF(COUNT(T75)=1,ROUND(SUM(T75)*0.02,2),"") | T76: =IF(COUNT(N76,P76)=2,ROUND(N76*P76,2),"-") -> - | V76: W0127114004
E77: 合計 | L77: M2 | N77: 1 | T77: =IF(COUNT(T75,T76)=2,SUM(T75,T76),"-") -> -
E87: 人工： 機具： 材料： 雜項： | N87: 每 M2 單價計 | T87: =IF(COUNT(T77,N77)=2,IF(N77=0,"-",ROUND(T77/N77,2)),"-") -> -
C89: 投標廠商： | I89: [印] | M89: 負責人： | Q89: [印]
A92: 國立臺灣大學醫學院附設醫院
A94: 單價分析表[標單]
F96: 工程名稱：西址六東1樓(6E1)內科加護病房暨特殊病原科技照護示範中心整修工
F98: 程
U99: 115年6月15日
U102: 第 3 頁 共 103 頁
B103: 項次： | F103: 工程編號：FB24033360_V6
A106: 壹.三.1 | E106: 工作項目：天花板，庫板天花 (耐燃一級) | N106: 單位：M2 | T106: 計 價 代 碼 ： 0950000002ZG0505
E107: 工料名稱 | L107: 單位 | N107: 數量 | P107: 單價 | T107: 複價 | V107: 編碼(備註)
E108: 天花板，鍍鋅鋼架(吊筋及五金配件) | L108: 式 | N108: 1 | T108: =IF(COUNT(N108,P108)=2,ROUND(N108*P108,2),"- -") -> - - | V108: 0950000204ZG050 1
E109: 產品，天花板，庫板 | L109: M2 | N109: 1 | T109: =IF(COUNT(N109,P109)=2,ROUND(N109*P109,2),"- -") -> - - | V109: M095000G002ZGP0 501
E110: 技術工 | L110: 工 | N110: 0.16 | T110: =IF(COUNT(N110,P110)=2,ROUND(N110*P110,2),"-") -> - | V110: L000006200003
E111: 小工 | L111: 工 | N111: 0.1 | T111: =IF(COUNT(N111,P111)=2,ROUND(N111*P111,2),"-") -> - | V111: L000006100002
E112: 零星工料及損耗 | L112: 式 | N112: 1 | T112: =IF(COUNT(N112,P112)=2,ROUND(N112*P112,2),"- -") -> - - | V112: W0127110004ZGE0 401
E113: 合計 | L113: M2 | N113: 1 | T113: =IF(COUNT(T108,T109,T110,T111,T112)=5,SUM(T108,T109,T110,T111,T112),"-") -> -
E117: 人工： 機具： 材料： 雜項： | N117: 每 M2 單價計 | T117: =IF(COUNT(T113,N113)=2,IF(N113=0,"-",ROUND(T113/N113,2)),"-") -> -
A118: 壹.三.2 | E118: 工作項目：天花板，明架，低落塵礦纖天花板(耐燃一級)，15mmTH ，60*60cm | N118: 單位：M2 | T118: 計 價 代 碼 ： 0950000002ZG0501
E119: 工料名稱 | L119: 單位 | N119: 數量 | P119: 單價 | T119: 複價 | V119: 編碼(備註)
E120: 產品，天花板，耐震輕鋼架骨架 | L120: M2 | N120: 1 | T120: =IF(COUNT(N120,P120)=2,ROUND(N120*P120,2),"- -") -> - - | V120: M0950000002ZBIC U01
E121: 天花板，明架，落塵礦纖天花板 | L121: M2 | N121: 1 | T121: =IF(COUNT(N121,P121)=2,ROUND(N121*P121,2),"-") -> - | V121: 09500M0002ZB001
E122: 計量與計價，五金另料 | L122: 式 | N122: 1 | T122: =IF(COUNT(N122,P122)=2,ROUND(N122*P122,2),"- -") -> - - | V122: W0127100004ZBZT LZM27
E123: 技術工 | L123: 工 | N123: 0.02 | T123: =IF(COUNT(N123,P123)=2,ROUND(N123*P123,2),"-") -> - | V123: L000006200003
E124: 小工 | L124: 工 | N124: 0.02 | T124: =IF(COUNT(N124,P124)=2,ROUND(N124*P124,2),"-") -> - | V124: L000006100002
E125: 搬運費 | L125: 式 | N125: 1 | T125: =IF(COUNT(N125,P125)=2,ROUND(N125*P125,2),"-") -> - | V125: W0127140004
E126: 零星工料及損耗 | L126: 式 | N126: 1 | T126: =IF(COUNT(N126,P126)=2,ROUND(N126*P126,2),"- -") -> - - | V126: W0127110004ZGE0 401
E127: 合計 | L127: M2 | N127: 1 | T127: =IF(COUNT(T120,T121,T122,T123,T124,T125,T126)=7,SUM(T120,T121,T122,T123,T124,T125,T126),"-") -> -
E129: 人工： 機具： 材料： 雜項： | N129: 每 M2 單價計 | T129: =IF(COUNT(T127,N127)=2,IF(N127=0,"-",ROUND(T127/N127,2)),"-") -> -
C131: 投標廠商： | I131: [印] | M131: 負責人： | Q131: [印]
A134: 國立臺灣大學醫學院附設醫院
A136: 單價分析表[標單]
F138: 工程名稱：西址六東1樓(6E1)內科加護病房暨特殊病原科技照護示範中心整修工
F140: 程
U141: 115年6月15日
U144: 第 4 頁 共 103 頁
B145: 項次： | F145: 工程編號：FB24033360_V6
A148: 壹.三.3 | E148: 工作項目：天花板，明架，防潮矽酸鈣(耐燃一級)，6mmTH，60*60cm | N148: 單位：M2 | T148: 計 價 代 碼 ： 0950000002ZG0503
E149: 工料名稱 | L149: 單位 | N149: 數量 | P149: 單價 | T149: 複價 | V149: 編碼(備註)
E150: 產品，天花板，耐震輕鋼架骨架 | L150: M2 | N150: 1 | T150: =IF(COUNT(N150,P150)=2,ROUND(N150*P150,2),"- -") -> - - | V150: M0950000002ZBIC U01
E151: 產品，天花板，矽酸鈣板 | L151: M2 | N151: 1 | T151: =IF(COUNT(N151,P151)=2,ROUND(N151*P151,2),"-") -> - | V151: M095000G002
E152: 計量與計價，五金另料 | L152: 式 | N152: 1 | T152: =IF(COUNT(N152,P152)=2,ROUND(N152*P152,2),"- -") -> - - | V152: W0127100004ZBZT LZM27
E153: 技術工 | L153: 工 | N153: 0.02 | T153: =IF(COUNT(N153,P153)=2,ROUND(N153*P153,2),"-") -> - | V153: L000006200003
E154: 小工 | L154: 工 | N154: 0.02 | T154: =IF(COUNT(N154,P154)=2,ROUND(N154*P154,2),"-") -> - | V154: L000006100002
E155: 搬運費 | L155: 式 | N155: 1 | T155: =IF(COUNT(N155,P155)=2,ROUND(N155*P155,2),"-") -> - | V155: W0127140004
E156: 零星工料及損耗 | L156: 式 | N156: 1 | T156: =IF(COUNT(N156,P156)=2,ROUND(N156*P156,2),"- -") -> - - | V156: W0127110004ZGE0 401
E157: 合計 | L157: M2 | N157: 1 | T157: =IF(COUNT(T150,T151,T152,T153,T154,T155,T156)=7,SUM(T150,T151,T152,T153,T154,T155,T156),"-") -> -
E159: 人工： 機具： 材料： 雜項： | N159: 每 M2 單價計 | T159: =IF(COUNT(T157,N157)=2,IF(N157=0,"-",ROUND(T157/N157,2)),"-") -> -
A160: 壹.四.1 | E160: 工作項目：油漆，牆面批土整平刷抗污防霉乳膠漆+AB膠材，一底二 度，色另訂 | N160: 單位：M2 | T160: 計 價 代 碼 ： 0991000002ZB001
E161: 工料名稱 | L161: 單位 | N161: 數量 | P161: 單價 | T161: 複價 | V161: 編碼(備註)
E162: 產品，油漆，抗污防霉乳膠漆，一底二度 | L162: M2 | N162: 3 | T162: =IF(COUNT(N162,P162)=2,ROUND(N162*P162,2),"- -") -> - - | V162: M0991000002ZBIC U01
E163: 油漆，批土 | L163: M2 | N163: 1 | T163: =IF(COUNT(N163,P163)=2,ROUND(N163*P163,2),"- -") -> - - | V163: 0991000002ZBICU 01
E164: 油漆，研磨 | L164: M2 | N164: 2 | T164: =IF(COUNT(N164,P164)=2,ROUND(N164*P164,2),"- -") -> - - | V164: 0991000002ZBICU 02
E165: 油漆，表面修補 | L165: M2 | N165: 1 | T165: =IF(COUNT(N165,P165)=2,ROUND(N165*P165,2),"- -") -> - - | V165: 0991000002ZBICU 03
E166: 技術工 | L166: 工 | N166: 0.02 | T166: =IF(COUNT(N166,P166)=2,ROUND(N166*P166,2),"-") -> - | V166: L000006200003
E167: 小工 | L167: 工 | N167: 0.02 | T167: =IF(COUNT(N167,P167)=2,ROUND(N167*P167,2),"-") -> - | V167: L000006100002
...

Sheet 資源統計
A2: 國立臺灣大學醫學院附設醫院
A4: 資源統計表[標單]
B6: 工 程 編 號 FB24033360_V6
B8: 工 程 名 稱 西址六東1樓(6E1)內科加護病房暨特殊病原科技照護示範中心整修工程
R9: 單位﹝元﹞
U10: 第 1 頁 共 37 頁
A14: 工 項 代 碼 | D14: 工 項 名 稱 | I14: 單 位 | K14: 工程用量 | M14: 單 價 | P14: 複 價 | Q14: 人 工 | T14: 機 具 | V14: 材 料 | W14: 雜 項
A15: 0127100004ZB01 | D15: 計量與計價，打鑿修補及復原(管線填封 隙封) | I15: 式 | P15: =IF(COUNT(K15,M15)=2,ROUND(K15*M15,0),"- -") -> - - | Q15: - - | T15: - - | V15: - - | W15: - -
A16: 0127100004ZB02 | D16: 計量與計價，工資 | I16: 式 | P16: =IF(COUNT(K16,M16)=2,ROUND(K16*M16,0),"-") -> - | Q16: - | T16: - | V16: - | W16: -
A17: 0127100004ZBICU01 | D17: 計量與計價，用電管理系統-智慧電表型 系統通訊閘道器 | I17: 式 | P17: =IF(COUNT(K17,M17)=2,ROUND(K17*M17,0),"- -") -> - - | Q17: - - | T17: - - | V17: - - | W17: - -
A18: 0127100004ZBICU02 | D18: 計量與計價，機房閘道器與IT資訊網路 點串接工程 | I18: 式 | P18: =IF(COUNT(K18,M18)=2,ROUND(K18*M18,0),"- -") -> - - | Q18: - - | T18: - - | V18: - - | W18: - -
A19: 0127100004ZBICU03 | D19: 計量與計價，軟體擴增費用 | I19: 式 | P19: =IF(COUNT(K19,M19)=2,ROUND(K19*M19,0),"-") -> - | Q19: - | T19: - | V19: - | W19: -
A20: 0127100004ZBICU04 | D20: 計量與計價，系統連接測試費 | I20: 式 | P20: =IF(COUNT(K20,M20)=2,ROUND(K20*M20,0),"-") -> - | Q20: - | T20: - | V20: - | W20: -
A21: 0127100004ZBICU05 | D21: 計量與計價，工程另料 | I21: 式 | P21: =IF(COUNT(K21,M21)=2,ROUND(K21*M21,0),"-") -> - | Q21: - | T21: - | V21: - | W21: -
A22: 0127100004ZBICU06 | D22: 計量與計價，工資 | I22: 式 | P22: =IF(COUNT(K22,M22)=2,ROUND(K22*M22,0),"-") -> - | Q22: - | T22: - | V22: - | W22: -
A23: 0127100004ZBICU07 | D23: 原水加壓系統 | I23: 台 | P23: =IF(COUNT(K23,M23)=2,ROUND(K23*M23,0),"-") -> - | Q23: - | T23: - | V23: - | W23: -
A24: 0127100004ZBICU08 | D24: 積層式過濾器 | I24: 套 | P24: =IF(COUNT(K24,M24)=2,ROUND(K24*M24,0),"-") -> - | Q24: - | T24: - | V24: - | W24: -
A25: 0127100004ZBICU09 | D25: 硬水軟化器 | I25: 套 | P25: =IF(COUNT(K25,M25)=2,ROUND(K25*M25,0),"-") -> - | Q25: - | T25: - | V25: - | W25: -
A26: 0127100004ZBICU10 | D26: 活性碳過濾器 | I26: 套 | P26: =IF(COUNT(K26,M26)=2,ROUND(K26*M26,0),"-") -> - | Q26: - | T26: - | V26: - | W26: -
A27: 0127100004ZBICU11 | D27: 精密過濾器 | I27: 組 | P27: =IF(COUNT(K27,M27)=2,ROUND(K27*M27,0),"-") -> - | Q27: - | T27: - | V27: - | W27: -
A28: 0127100004ZBICU12 | D28: 逆滲透淨水機 | I28: 套 | P28: =IF(COUNT(K28,M28)=2,ROUND(K28*M28,0),"-") -> - | Q28: - | T28: - | V28: - | W28: -
A29: 0127100004ZBICU13 | D29: 衛生級淨水貯桶 | I29: 個 | P29: =IF(COUNT(K29,M29)=2,ROUND(K29*M29,0),"-") -> - | Q29: - | T29: - | V29: - | W29: -
A30: 0127100004ZBICU14 | D30: 淨水供水設備 | I30: 台 | P30: =IF(COUNT(K30,M30)=2,ROUND(K30*M30,0),"-") -> - | Q30: - | T30: - | V30: - | W30: -
... A38: 0127100004ZBICU900 | D38: 計量與計價，原廠裝配工資 | I38: 式 | P38: =IF(COUNT(K38,M38)=2,ROUND(K38*M38,0),"-") -> - | Q38: - | T38: - | V38: - | W38: -
A39: 0127100004ZBICU901 | D39: 整合至院區既有Carrier監控系統(須連 接至Carrier ALC訊號) | I39: 式 | P39: =IF(COUNT(K39,M39)=2,ROUND(K39*M39,0),"- -") -> - - | Q39: - - | T39: - - | V39: - - | W39: - -
A40: 0127100004ZBRO01 | D40: 計量與計價，細菌化驗 | I40: 式 | P40: =IF(COUNT(K40,M40)=2,ROUND(K40*M40,0),"-") -> - | Q40: - | T40: - | V40: - | W40: -
A41: 0127100004ZBRO02 | D41: 計量與計價，內毒素化驗 | I41: 式 | P41: =IF(COUNT(K41,M41)=2,ROUND(K41*M41,0),"-") -> - | Q41: - | T41: - | V41: - | W41: -
A42: 0127100004ZBRO03 | D42: 計量與計價，試水試壓 | I42: 式 | P42: =IF(COUNT(K42,M42)=2,ROUND(K42*M42,0),"-") -> - | Q42: - | T42: - | V42: - | W42: -
A43: 0127100004ZBRO04 | D43: 計量與計價，消毒 | I43: 式 | P43: =IF(COUNT(K43,M43)=2,ROUND(K43*M43,0),"-") -> - | Q43: - | T43: - | V43: - | W43: -
A44: 0127100004ZBRO05 | D44: 計量與計價，零星材料 | I44: 式 | P44: =IF(COUNT(K44,M44)=2,ROUND(K44*M44,0),"-") -> - | Q44: - | T44: - | V44: - | W44: -
A45: 0127100004ZBRO06 | D45: 計量與計價，運雜費、運什費 | I45: 式 | P45: =IF(COUNT(K45,M45)=2,ROUND(K45*M45,0),"-") -> - | Q45: - | T45: - | V45: - | W45: -
A46: 0127100004ZBRO07 | D46: 計量與計價，工資 | I46: 式 | P46: =IF(COUNT(K46,M46)=2,ROUND(K46*M46,0),"-") -> - | Q46: - | T46: - | V46: - | W46: -
A47: 0127100004ZGA0403 | D47: 計量與計價，設備吊掛按裝及系統連結 測試 | I47: 式 | P47: =IF(COUNT(K47,M47)=2,ROUND(K47*M47,0),"- -") -> - - | Q47: - - | T47: - - | V47: - - | W47: - -
A48: 0127100004ZGF0501 | D48: 計量與計價，設備配管線配電工資 | I48: 式 | P48: =IF(COUNT(K48,M48)=2,ROUND(K48*M48,0),"-") -> - | Q48: - | T48: - | V48: - | W48: -
A49: 0127100004ZGH050 | D49: 1計A量與計價，袋進袋出過濾箱安裝工資 | I49: 式 | P49: =IF(COUNT(K49,M49)=2,ROUND(K49*M49,0),"-") -> - | Q49: - | T49: - | V49: - | W49: -
C51: 投標廠商： | G51: [印] | J51: 負責人： | L51: [印]
A54: 國立臺灣大學醫學院附設醫院
A56: 資源統計表[標單]
B58: 工 程 編 號 FB24033360_V6
B60: 工 程 名 稱 西址六東1樓(6E1)內科加護病房暨特殊病原科技照護示範中心整修工程
R61: 單位﹝元﹞
U62: 第 2 頁 共 37 頁
A66: 工 項 代 碼 | D66: 工 項 名 稱 | I66: 單 位 | K66: 工程用量 | M66: 單 價 | P66: 複 價 | Q66: 人 工 | T66: 機 具 | V66: 材 料 | W66: 雜 項
A67: 0127100004ZGH0502A | D67: 計量與計價，袋進袋出過濾箱安裝另料 及零星工料 | I67: 式 | P67: =IF(COUNT(K67,M67)=2,ROUND(K67*M67,0),"- -") -> - - | Q67: - - | T67: - - | V67: - - | W67: - -
A68: 0127100004ZGH0503A | D68: 計量與計價，袋進袋出過濾箱RC基礎座( 基礎台高度20cm) | I68: 式 | P68: =IF(COUNT(K68,M68)=2,ROUND(K68*M68,0),"- -") -> - - | Q68: - - | T68: - - | V68: - - | W68: - -
A69: 0127100004ZGH0504A | D69: 計量與計價，袋進袋出過濾箱安裝設備 試車及調整平衡(含系統清潔濾網更換及 氣密試驗) | I69: 式 | P69: =IF(COUNT(K69,M69)=2,ROUND(K69*M69,0),"- - -") -> - - - | Q69: - - - | T69: - - - | V69: - - - | W69: - - -
A70: 0127100004ZGH0505A | D70: 計量與計價，循環暖風機安裝及結線工 資 | I70: 式 | P70: =IF(COUNT(K70,M70)=2,ROUND(K70*M70,0),"- -") -> - - | Q70: - - | T70: - - | V70: - - | W70: - -
A71: 0127100004ZGH0506A | D71: CH | I71: 只 | P71: =IF(COUNT(K71,M71)=2,ROUND(K71*M71,0),"-") -> - | Q71: - | T71: - | V71: - | W71: -
A72: 0127100004ZGH10501 | D72: 計量與計價，既有空調設備、風管、風 口拆除 | I72: 式 | P72: =IF(COUNT(K72,M72)=2,ROUND(K72*M72,0),"- -") -> - - | Q72: - - | T72: - - | V72: - - | W72: - -
A73: 0127100004ZGH10502 | D73: 計量與計價，既有空調管路與排水拆除 | I73: 式 | P73: =IF(COUNT(K73,M73)=2,ROUND(K73*M73,0),"-") -> - | Q73: - | T73: - | V73: - | W73: -
A74: 0127100004ZGH10503 | D74: 計量與計價，既有空調配電與配電管拆 除(包含既有配電盤拆除) | I74: 式 | P74: =IF(COUNT(K74,M74)=2,ROUND(K74*M74,0),"- -") -> - - | Q74: - - | T74: - - | V74: - - | W74: - -
A75: 0127100004ZGH20501 | D75: 計量與計價，小型冷風機安裝及結線工 資 | I75: 式 | P75: =IF(COUNT(K75,M75)=2,ROUND(K75*M75,0),"- -") -> - - | Q75: - - | T75: - - | V75: - - | W75: - -
A76: 0127100004ZGH20502 | D76: 計量與計價，小型冷風機另料及零星工 料(含避震器) | I76: 式 | P76: =IF(COUNT(K76,M76)=2,ROUND(K76*M76,0),"- -") -> - - | Q76: - - | T76: - - | V76: - - | W76: - -
A77: 0127100004ZGH20503 | D77: 計量與計價，小型冷風機設備試車及調 整平衡 | I77: 式 | P77: =IF(COUNT(K77,M77)=2,ROUND(K77*M77,0),"- -") -> - - | Q77: - - | T77: - - | V77: - - | W77: - -
A78: 0127100004ZGH40503 | D78: 計量與計價，水管管件、閥件、附件按 裝及保溫工資 | I78: 式 | P78: =IF(COUNT(K78,M78)=2,ROUND(K78*M78,0),"- -") -> - - | Q78: - - | T78: - - | V78: - - | W78: - -
A79: 0127100004ZGH40504 | D79: 計量與計價，水管管件、閥件、附件按 裝另料及零星工料(含保溫及管墊) | I79: 式 | P79: =IF(COUNT(K79,M79)=2,ROUND(K79*M79,0),"- -") -> - - | Q79: - - | T79: - - | V79: - - | W79: - -
A80: 0127100004ZGH40505 | D80: 計量與計價，空調水管配管工資 | I80: 式 | P80: =IF(COUNT(K80,M80)=2,ROUND(K80*M80,0),"-") -> - | Q80: - | T80: - | V80: - | W80: -
A81: 0127100004ZGH40506 | D81: 計量與計價，空調水管保溫工資 | I81: 式 | P81: =IF(COUNT(K81,M81)=2,ROUND(K81*M81,0),"-") -> - | Q81: - | T81: - | V81: - | W81: -
A82: 0127100004ZGH40507 | D82: 計量與計價，空調水管配管零星另料 | I82: 式 | P82: =IF(COUNT(K82,M82)=2,ROUND(K82*M82,0),"-") -> - | Q82: - | T82: - | V82: - | W82: -
A83: 0127100004ZGH50501 | D83: 計量與計價，盤內另料.ABS銘牌.迴路標 示及單線圖說 | I83: 式 | P83: =IF(COUNT(K83,M83)=2,ROUND(K83*M83,0),"- -") -> - - | Q83: - - | T83: - - | V83: - - | W83: - -
A84: 0127100004ZGH50502 | D84: 計量與計價，原廠裝配工資圖說 | I84: 式 | P84: =IF(COUNT(K84,M84)=2,ROUND(K84*M84,0),"-") -> - | Q84: - | T84: - | V84: - | W84: -
A85: 0127100004ZGH50503 | D85: 計量與計價，盤內另料.ABS銘牌 | I85: 式 | P85: =IF(COUNT(K85,M85)=2,ROUND(K85*M85,0),"-") -> - | Q85: - | T85: - | V85: - | W85: -
A86: 0127100004ZGH60501 | D86: 計量與計價，控制設備及感測傳訊元件 安裝工資(含零星工料) | I86: 式 | P86: =IF(COUNT(K86,M86)=2,ROUND(K86*M86,0),"- -") -> - - | Q86: - - | T86: - - | V86: - - | W86: - -
A87: 0127100004ZGH60502 | D87: 計量與計價，控制管線材料(含 ModbusRS485通訊電纜,控制信號電纜,電 源纜線,EMT管)及管另件 | I87: 式 | P87: =IF(COUNT(K87,M87)=2,ROUND(K87*M87,0),"- - -") -> - - - | Q87: - - - | T87: - - - | V87: - - - | W87: - - -
A88: 0127100004ZGH60503 | D88: 計量與計價，控制管線安裝工資(含另料 及零星工料) | I88: 式 | P88: =IF(COUNT(K88,M88)=2,ROUND(K88*M88,0),"- -") -> - - | Q88: - - | T88: - - | V88: - - | W88: - -
A89: 0127100004ZGH605 | D89: 0計4量與計價，空調監控通訊品質測試及 | I89: 式 | P89: =IF(COUNT(K89,M89)=2,ROUND(K89*M89,0),"-") -> - | Q89: - | T89: - | V89: - | W89: -
C91: 投標廠商： | G91: [印] | J91: 負責人： | L91: [印]
A94: 國立臺灣大學醫學院附設醫院
A96: 資源統計表[標單]
B98: 工 程 編 號 FB24033360_V6
B100: 工 程 名 稱 西址六東1樓(6E1)內科加護病房暨特殊病原科技照護示範中心整修工程
R101: 單位﹝元﹞
U102: 第 3 頁 共 37 頁
A106: 工 項 代 碼 | D106: 工 項 名 稱 | I106: 單 位 | K106: 工程用量 | M106: 單 價 | P106: 複 價 | Q106: 人 工 | T106: 機 具 | V106: 材 料 | W106: 雜 項
D107: 校正(含配合功能驗證及測試平衡調整之 工作) | P107: - - | Q107: - - | T107: - - | V107: - - | W107: - -
A108: 0127100004ZGH60505 | D108: 計量與計價，空調監控軟體編輯撰寫,控 制器韌體編輯撰寫,測試及整合(含消防 火警系統移報及介面,空調控制系統運轉 策略最佳化,查驗監控系統通訊及傳感器 功能) | I108: 式 | P108: =IF(COUNT(K108,M108)=2,ROUND(K108*M108,0),"- - - - -") -> - - - - - | Q108: - - - - - | T108: - - - - - | V108: - - - - - | W108: - - - - -
A109: 0127100004ZGM0417 | D109: 計量與計價，空調水管標籤(H5.5cm x W26cm)貼附工料(含水管類別與方向)所 有施工管線於最始端、最終端、轉彎處 、出牆處、入牆處、10米內應依規定標 明用途及管線種類別，以能辨識管線為 原則。 | I109: 式 | P109: =IF(COUNT(K109,M109)=2,ROUND(K109*M109,0),"- - - - - -") -> - - - - - - | Q109: - - - - - - | T109: - - - - - - | V109: - - - - - - | W109: - - - - - -
A110: 0127100004ZGM0501 | D110: 計量與計價，拉線箱/管線箱 | I110: 式 | P110: =IF(COUNT(K110,M110)=2,ROUND(K110*M110,0),"-") -> - | Q110: - | T110: - | V110: - | W110: -
A111: 0127100004ZGM0502 | D111: 計量與計價，管路固定吊架及五金另料 | I111: 式 | P111: =IF(COUNT(K111,M111)=2,ROUND(K111*M111,0),"-") -> - | Q111: - | T111: - | V111: - | W111: -
A112: 0127100004ZGM0503 | D112: 計量與計價，管線穿越現有空間及既有 牆面/柱面配管等拆裝復原費用 | I112: 式 | P112: =IF(COUNT(K112,M112)=2,ROUND(K112*M112,0),"- -") -> - - | Q112: - - | T112: - - | V112: - - | W112: - -
A113: 0127100004ZGM0504 | D113: 計量與計價，管路標示 | I113: 式 | P113: =IF(COUNT(K113,M113)=2,ROUND(K113*M113,0),"-") -> - | Q113: - | T113: - | V113: - | W113: -
A114: 0127100004ZGM0505 | D114: 計量與計價，銜接既設盤迴路查驗工程 | I114: 式 | P114: =IF(COUNT(K114,M114)=2,ROUND(K114*M114,0),"-") -> - | Q114: - | T114: - | V114: - | W114: -
A115: 0127100004ZGM0506 | D115: 計量與計價，工程另料 | I115: 式 | P115: =IF(COUNT(K115,M115)=2,ROUND(K115*M115,0),"-") -> - | Q115: - | T115: - | V115: - | W115: -
A116: 0127100004ZGM0507 | D116: 計量與計價，工資(含打鑿修補及復原) | I116: 式 | P116: =IF(COUNT(K116,M116)=2,ROUND(K116*M116,0),"-") -> - | Q116: - | T116: - | V116: - | W116: -
A117: 0127100004ZGM0509 | D117: 計量與計價，ATS 4P 200A 瞬間激磁式, 三段式，投入時間60ms，正常側及緊急 側具各自獨立消弧室及機械連鎖 | I117: 式 | P117: =IF(COUNT(K117,M117)=2,ROUND(K117*M117,0),"- - -") -> - - - | Q117: - - - | T117: - - - | V117: - - - | W117: - - -
A118: 0127100004ZGM0510 | D118: 計量與計價，ATS盤面型液晶控制裝置具 故障警報功能及歷史紀錄90筆，RS485, 面板直接切換手動/自動模式功能 | I118: 只 | P118: =IF(COUNT(K118,M118)=2,ROUND(K118*M118,0),"- - -") -> - - - | Q118: - - - | T118: - - - | V118: - - - | W118: - - -
A119: 0127100004ZGM20501 | D119: 計量與計價，管線穿越現有空間及既有 牆面/柱面配管等拆裝復原費用 | I119: 式 | P119: =IF(COUNT(K119,M119)=2,ROUND(K119*M119,0),"- -") -> - - | Q119: - - | T119: - - | V119: - - | W119: - -
A120: 0127100004ZGM20502 | D120: 計量與計價，防水型金屬軟管 | I120: 式 | P120: =IF(COUNT(K120,M120)=2,ROUND(K120*M120,0),"-") -> - | Q120: - | T120: - | V120: - | W120: -
A121: 0127100004ZGM20503 | D121: 計量與計價，拉線箱/管線箱 | I121: 式 | P121: =IF(COUNT(K121,M121)=2,ROUND(K121*M121,0),"-") -> - | Q121: - | T121: - | V121: - | W121: -
A122: 0127100004ZGM20504 | D122: 計量與計價，管路固定吊架及五金另料 | I122: 式 | P122: =IF(COUNT(K122,M122)=2,ROUND(K122*M122,0),"-") -> - | Q122: - | T122: - | V122: - | W122: -
A123: 0127100004ZGM20505 | D123: 計量與計價，油漆及管路標示 | I123: 式 | P123: =IF(COUNT(K123,M123)=2,ROUND(K123*M123,0),"-") -> - | Q123: - | T123: - | V123: - | W123: -
A124: 0127100004ZGM20506 | D124: 計量與計價，工程另料 | I124: 式 | P124: =IF(COUNT(K124,M124)=2,ROUND(K124*M124,0),"-") -> - | Q124: - | T124: - | V124: - | W124: -
A125: 0127100004ZGM30501 | D125: 計量與計價，燈具補強固定及綁鐵絲防 墜(含配件) | I125: 式 | P125: =IF(COUNT(K125,M125)=2,ROUND(K125*M125,0),"- -") -> - - | Q125: - - | T125: - - | V125: - - | W125: - -
A126: 0127100004ZGM30502 | D126: 計量與計價，四角/八角鍍鋅BOX附蓋板 ，t=1.6mm | I126: 式 | P126: =IF(COUNT(K126,M126)=2,ROUND(K126*M126,0),"- -") -> - - | Q126: - - | T126: - - | V126: - - | W126: - -
A127: 0127100004ZGM30503 | D127: 計量與計價，工程另料(亦含插座、燈具 開關、自動門、緊急照明燈、避難方向 | I127: 式 | P127: =IF(COUNT(K127,M127)=2,ROUND(K127*M127,0),"- -") -> - - | Q127: - - | T127: - - | V127: - - | W127: - -
C129: 投標廠商： | G129: [印] | J129: 負責人： | L129: [印]
A132: 國立臺灣大學醫學院附設醫院
A134: 資源統計表[標單]
B136: 工 程 編 號 FB24033360_V6
B138: 工 程 名 稱 西址六東1樓(6E1)內科加護病房暨特殊病原科技照護示範中心整修工程
...
